{
  "rsi": {
    "mean": 54.33448432302404,
    "std": 19.305806196704086
  },
  "macd": {
    "mean": 0.340789643995454,
    "std": 0.7171179406430439
  },
  "bb_upper": {
    "mean": 122.89450426919518,
    "std": 2.502638101105325
  },
  "bb_lower": {
    "mean": 116.55879340256107,
    "std": 2.3181616670991945
  },
  "volatility": {
    "mean": 0.006190491039260368,
    "std": 0.0008601315755241374
  },
  "vix": {
    "mean": 11.307364869762111,
    "std": 1.5476404845632343
  },
  "yield_10y": {
    "mean": 2.284128380788339,
    "std": 0.11380352274386282
  },
  "spy_above_sma200": {
    "mean": 1.0,
    "std": 1.0
  },
  "return_1d": {
    "mean": 0.00018750132595112928,
    "std": 0.006455963545744247
  }
}