{
  "rsi": {
    "mean": 54.61266803698871,
    "std": 14.647100704506604
  },
  "macd": {
    "mean": 0.300067343701933,
    "std": 0.377784687549127
  },
  "bb_upper": {
    "mean": 97.4825573980289,
    "std": 2.283061265471935
  },
  "bb_lower": {
    "mean": 93.65534259359939,
    "std": 2.548737196569687
  },
  "volatility": {
    "mean": 0.005944238606975929,
    "std": 0.0006376222563101203
  },
  "vix": {
    "mean": 11.307364869762111,
    "std": 1.5476404845632343
  },
  "yield_10y": {
    "mean": 2.284128380788339,
    "std": 0.11380352274386282
  },
  "spy_above_sma200": {
    "mean": 1.0,
    "std": 1.0
  },
  "return_1d": {
    "mean": 0.0002662657085981619,
    "std": 0.005961650262613069
  }
}