{
  "rsi": {
    "mean": 58.01220324507942,
    "std": 16.52689544346804
  },
  "macd": {
    "mean": 0.3331759406122998,
    "std": 0.3648408152458001
  },
  "bb_upper": {
    "mean": 35.71448876690551,
    "std": 2.018347280720535
  },
  "bb_lower": {
    "mean": 33.126777541698544,
    "std": 1.6794474688744394
  },
  "volatility": {
    "mean": 0.010438995635854391,
    "std": 0.003181889108711532
  },
  "vix": {
    "mean": 11.307364869762111,
    "std": 1.5476404845632343
  },
  "yield_10y": {
    "mean": 2.284128380788339,
    "std": 0.11380352274386282
  },
  "spy_above_sma200": {
    "mean": 1.0,
    "std": 1.0
  },
  "return_1d": {
    "mean": 0.0008760985374793059,
    "std": 0.011201185679765165
  }
}