{
  "rsi": {
    "mean": 59.326754877384225,
    "std": 15.107268277057988
  },
  "macd": {
    "mean": 0.792862572830017,
    "std": 0.56353813743658
  },
  "bb_upper": {
    "mean": 211.7345552967921,
    "std": 4.5840946493664365
  },
  "bb_lower": {
    "mean": 205.93769206921098,
    "std": 4.594477564429133
  },
  "volatility": {
    "mean": 0.0046456666801450025,
    "std": 0.0008810260325186831
  },
  "vix": {
    "mean": 11.307364869762111,
    "std": 1.5476404845632343
  },
  "yield_10y": {
    "mean": 2.284128380788339,
    "std": 0.11380352274386282
  },
  "spy_above_sma200": {
    "mean": 1.0,
    "std": 1.0
  },
  "return_1d": {
    "mean": 0.0004919831125153948,
    "std": 0.00466483614975738
  }
}