{
  "rsi": {
    "mean": 58.455760503000086,
    "std": 12.997307865969317
  },
  "macd": {
    "mean": 0.4478350824414325,
    "std": 0.31118278531262267
  },
  "bb_upper": {
    "mean": 64.35803502601084,
    "std": 3.6390022055555655
  },
  "bb_lower": {
    "mean": 60.96091513218569,
    "std": 3.0109916410748823
  },
  "volatility": {
    "mean": 0.008287411591482902,
    "std": 0.00212816814957309
  },
  "vix": {
    "mean": 11.307364869762111,
    "std": 1.5476404845632343
  },
  "yield_10y": {
    "mean": 2.284128380788339,
    "std": 0.11380352274386282
  },
  "spy_above_sma200": {
    "mean": 1.0,
    "std": 1.0
  },
  "return_1d": {
    "mean": 0.001082794023280552,
    "std": 0.008573884129522778
  }
}