{
  "rsi": {
    "mean": 63.08095069034496,
    "std": 8.928679073458708
  },
  "macd": {
    "mean": 1.6782355519862753,
    "std": 1.217534239102459
  },
  "bb_upper": {
    "mean": 162.66435202187637,
    "std": 2.388325500727648
  },
  "bb_lower": {
    "mean": 138.2773123051093,
    "std": 2.5326124741163167
  },
  "volatility": {
    "mean": 0.022275950488159692,
    "std": 0.001604884372845735
  },
  "vix": {
    "mean": 45.614000193277995,
    "std": 6.38172318545551
  },
  "yield_10y": {
    "mean": 0.6766666650772095,
    "std": 0.05775027971115688
  },
  "spy_above_sma200": {
    "mean": 0.0,
    "std": 1.0
  },
  "return_1d": {
    "mean": 0.003310855403404848,
    "std": 0.016080879880776965
  }
}