{
  "rsi": {
    "mean": 63.29522379404417,
    "std": 8.486954318341077
  },
  "macd": {
    "mean": 0.3981732093597145,
    "std": 2.9529366020725623
  },
  "bb_upper": {
    "mean": 164.04419302449423,
    "std": 5.400714727259304
  },
  "bb_lower": {
    "mean": 125.553470346274,
    "std": 2.0086656209573976
  },
  "volatility": {
    "mean": 0.05855445921587496,
    "std": 0.014193622863443169
  },
  "vix": {
    "mean": 45.614000193277995,
    "std": 6.38172318545551
  },
  "yield_10y": {
    "mean": 0.6766666650772095,
    "std": 0.05775027971115688
  },
  "spy_above_sma200": {
    "mean": 0.0,
    "std": 1.0
  },
  "return_1d": {
    "mean": 0.010970024422431142,
    "std": 0.03256517560964049
  }
}