{
  "rsi": {
    "mean": 57.54858086580563,
    "std": 10.999006133213179
  },
  "macd": {
    "mean": -1.123559194867182,
    "std": 1.441586041650477
  },
  "bb_upper": {
    "mean": 69.28620470467008,
    "std": 2.4532555590344556
  },
  "bb_lower": {
    "mean": 53.468023226034695,
    "std": 0.7462137528607216
  },
  "volatility": {
    "mean": 0.05538831019767324,
    "std": 0.010547407935453423
  },
  "vix": {
    "mean": 45.614000193277995,
    "std": 6.38172318545551
  },
  "yield_10y": {
    "mean": 0.6766666650772095,
    "std": 0.05775027971115688
  },
  "spy_above_sma200": {
    "mean": 0.0,
    "std": 1.0
  },
  "return_1d": {
    "mean": 0.007952346087168438,
    "std": 0.03302860167653217
  }
}