{
  "rsi": {
    "mean": 59.35153242330111,
    "std": 10.098304303048007
  },
  "macd": {
    "mean": -4.381450602040206,
    "std": 5.2909497036872635
  },
  "bb_upper": {
    "mean": 266.2182441552967,
    "std": 9.940476925017812
  },
  "bb_lower": {
    "mean": 202.32845384275015,
    "std": 4.705587164080356
  },
  "volatility": {
    "mean": 0.04953749930784147,
    "std": 0.009508872935319709
  },
  "vix": {
    "mean": 45.614000193277995,
    "std": 6.38172318545551
  },
  "yield_10y": {
    "mean": 0.6766666650772095,
    "std": 0.05775027971115688
  },
  "spy_above_sma200": {
    "mean": 0.0,
    "std": 1.0
  },
  "return_1d": {
    "mean": 0.007432963262072501,
    "std": 0.028727645841016572
  }
}