{
  "rsi": {
    "mean": 59.9243945295243,
    "std": 8.766111924414872
  },
  "macd": {
    "mean": 2.1910861226475165,
    "std": 0.28447057292004946
  },
  "bb_upper": {
    "mean": 145.01945493078298,
    "std": 1.4710885224798513
  },
  "bb_lower": {
    "mean": 124.56568519576325,
    "std": 4.208340235564429
  },
  "volatility": {
    "mean": 0.03226438549515784,
    "std": 0.0076108534180788796
  },
  "vix": {
    "mean": 45.614000193277995,
    "std": 6.38172318545551
  },
  "yield_10y": {
    "mean": 0.6766666650772095,
    "std": 0.05775027971115688
  },
  "spy_above_sma200": {
    "mean": 0.0,
    "std": 1.0
  },
  "return_1d": {
    "mean": 0.0007306452185558809,
    "std": 0.011016327937161554
  }
}