{
  "rsi": {
    "mean": 49.79056550116938,
    "std": 17.60988542658405
  },
  "macd": {
    "mean": -0.6461471124056826,
    "std": 3.3871127622536847
  },
  "bb_upper": {
    "mean": 165.58424985030703,
    "std": 10.53035236882405
  },
  "bb_lower": {
    "mean": 142.28641365339138,
    "std": 10.553371736557759
  },
  "volatility": {
    "mean": 0.021024769854142488,
    "std": 0.0051493730578353394
  },
  "vix": {
    "mean": 26.131013599601953,
    "std": 4.136271119383593
  },
  "yield_10y": {
    "mean": 2.8737229704856873,
    "std": 0.4273901767395163
  },
  "spy_above_sma200": {
    "mean": 0.17567567567567569,
    "std": 0.3818361691675821
  },
  "return_1d": {
    "mean": -0.0007320022950916257,
    "std": 0.022128338528417387
  }
}