{
  "rsi": {
    "mean": 48.03778080400986,
    "std": 16.465958926775112
  },
  "macd": {
    "mean": -2.10714493489924,
    "std": 5.371611830269273
  },
  "bb_upper": {
    "mean": 411.32479121241033,
    "std": 19.66249577365917
  },
  "bb_lower": {
    "mean": 369.10578236959446,
    "std": 20.236436412078337
  },
  "volatility": {
    "mean": 0.015284706977975468,
    "std": 0.003247763252699627
  },
  "vix": {
    "mean": 26.131013599601953,
    "std": 4.136271119383593
  },
  "yield_10y": {
    "mean": 2.8737229704856873,
    "std": 0.4273901767395163
  },
  "spy_above_sma200": {
    "mean": 0.17567567567567569,
    "std": 0.3818361691675821
  },
  "return_1d": {
    "mean": -0.0010509374303033481,
    "std": 0.01566066799761203
  }
}