{
  "rsi": {
    "mean": 41.69555974604426,
    "std": 12.715883566851712
  },
  "macd": {
    "mean": -1.1583835713884034,
    "std": 1.0514753822783702
  },
  "bb_upper": {
    "mean": 107.24853227598656,
    "std": 7.6163682965895445
  },
  "bb_lower": {
    "mean": 98.93449931651138,
    "std": 6.8451232367400765
  },
  "volatility": {
    "mean": 0.012731063754945033,
    "std": 0.0014114878717428928
  },
  "vix": {
    "mean": 26.131013599601953,
    "std": 4.136271119383593
  },
  "yield_10y": {
    "mean": 2.8737229704856873,
    "std": 0.4273901767395163
  },
  "spy_above_sma200": {
    "mean": 0.17567567567567569,
    "std": 0.3818361691675821
  },
  "return_1d": {
    "mean": -0.001845988325331744,
    "std": 0.013092663176931071
  }
}