{
  "rsi": {
    "mean": 46.25984798989782,
    "std": 15.913596875488643
  },
  "macd": {
    "mean": -1.995215046558706,
    "std": 4.289533478671338
  },
  "bb_upper": {
    "mean": 285.2837294723904,
    "std": 15.750947051154805
  },
  "bb_lower": {
    "mean": 247.60523676320864,
    "std": 14.239473851352592
  },
  "volatility": {
    "mean": 0.02137132139508963,
    "std": 0.003654775390516746
  },
  "vix": {
    "mean": 26.131013599601953,
    "std": 4.136271119383593
  },
  "yield_10y": {
    "mean": 2.8737229704856873,
    "std": 0.4273901767395163
  },
  "spy_above_sma200": {
    "mean": 0.17567567567567569,
    "std": 0.3818361691675821
  },
  "return_1d": {
    "mean": -0.0012976532357426424,
    "std": 0.0211369245797519
  }
}