{
  "rsi": {
    "mean": 43.607331985160286,
    "std": 17.454914442985768
  },
  "macd": {
    "mean": -0.5847436272176736,
    "std": 1.7526051719508038
  },
  "bb_upper": {
    "mean": 176.93016060170112,
    "std": 8.454508086472678
  },
  "bb_lower": {
    "mean": 165.57856869377176,
    "std": 7.87896574793846
  },
  "volatility": {
    "mean": 0.009107137911376751,
    "std": 0.001988870940644539
  },
  "vix": {
    "mean": 26.131013599601953,
    "std": 4.136271119383593
  },
  "yield_10y": {
    "mean": 2.8737229704856873,
    "std": 0.4273901767395163
  },
  "spy_above_sma200": {
    "mean": 0.17567567567567569,
    "std": 0.3818361691675821
  },
  "return_1d": {
    "mean": -0.0009188287416363896,
    "std": 0.009488929209738345
  }
}