{
  "rsi": {
    "mean": 54.70856093535583,
    "std": 14.267710155415656
  },
  "macd": {
    "mean": 0.43288970704949303,
    "std": 1.9638128296827368
  },
  "bb_upper": {
    "mean": 89.28567414480766,
    "std": 6.775015488017718
  },
  "bb_lower": {
    "mean": 76.64633514290615,
    "std": 7.422411441880439
  },
  "volatility": {
    "mean": 0.02185653635630061,
    "std": 0.004921298602780883
  },
  "vix": {
    "mean": 51.0364077299544,
    "std": 9.73292957564879
  },
  "yield_10y": {
    "mean": 2.8533009718922737,
    "std": 0.4965154328440949
  },
  "spy_above_sma200": {
    "mean": 0.0,
    "std": 1.0
  },
  "return_1d": {
    "mean": 0.00255977883664678,
    "std": 0.02055045327533455
  }
}