{
  "rsi": {
    "mean": 45.65335824072447,
    "std": 12.872189445652486
  },
  "macd": {
    "mean": -1.264326094416481,
    "std": 1.1073035954049748
  },
  "bb_upper": {
    "mean": 68.25867995095963,
    "std": 4.949150291295275
  },
  "bb_lower": {
    "mean": 56.858350468695576,
    "std": 4.319532328602275
  },
  "volatility": {
    "mean": 0.03349859919018072,
    "std": 0.01319575251633129
  },
  "vix": {
    "mean": 51.0364077299544,
    "std": 9.73292957564879
  },
  "yield_10y": {
    "mean": 2.8533009718922737,
    "std": 0.4965154328440949
  },
  "spy_above_sma200": {
    "mean": 0.0,
    "std": 1.0
  },
  "return_1d": {
    "mean": 2.5367711203984034e-05,
    "std": 0.032544602778511865
  }
}