{
  "rsi": {
    "mean": 49.87673323011856,
    "std": 13.100639355093545
  },
  "macd": {
    "mean": -0.0152160068923544,
    "std": 0.052068244996727166
  },
  "bb_upper": {
    "mean": 3.101984147739954,
    "std": 0.1693916926578983
  },
  "bb_lower": {
    "mean": 2.4692201023272293,
    "std": 0.08720380186091128
  },
  "volatility": {
    "mean": 0.03902259997445712,
    "std": 0.010907722760103907
  },
  "vix": {
    "mean": 51.0364077299544,
    "std": 9.73292957564879
  },
  "yield_10y": {
    "mean": 2.8533009718922737,
    "std": 0.4965154328440949
  },
  "spy_above_sma200": {
    "mean": 0.0,
    "std": 1.0
  },
  "return_1d": {
    "mean": 0.001643799182763827,
    "std": 0.0371237357070981
  }
}