{
  "rsi": {
    "mean": 52.21605756672795,
    "std": 20.06438002349326
  },
  "macd": {
    "mean": 0.37099566894223424,
    "std": 1.4724989366583108
  },
  "bb_upper": {
    "mean": 66.82970667350523,
    "std": 5.899734520357196
  },
  "bb_lower": {
    "mean": 59.01738251989445,
    "std": 4.000368837195543
  },
  "volatility": {
    "mean": 0.014828848818346495,
    "std": 0.0025407936382960453
  },
  "vix": {
    "mean": 51.0364077299544,
    "std": 9.73292957564879
  },
  "yield_10y": {
    "mean": 2.8533009718922737,
    "std": 0.4965154328440949
  },
  "spy_above_sma200": {
    "mean": 0.0,
    "std": 1.0
  },
  "return_1d": {
    "mean": 0.0008521336333060621,
    "std": 0.015766283867274623
  }
}