{
  "rsi": {
    "mean": 44.669707943608095,
    "std": 13.239383617611633
  },
  "macd": {
    "mean": -0.3432269178136383,
    "std": 0.21515228643086168
  },
  "bb_upper": {
    "mean": 15.643948780435318,
    "std": 1.4915242266747977
  },
  "bb_lower": {
    "mean": 12.777647124461238,
    "std": 1.193138839438808
  },
  "volatility": {
    "mean": 0.03979893246719046,
    "std": 0.011648756022628362
  },
  "vix": {
    "mean": 51.0364077299544,
    "std": 9.73292957564879
  },
  "yield_10y": {
    "mean": 2.8533009718922737,
    "std": 0.4965154328440949
  },
  "spy_above_sma200": {
    "mean": 0.0,
    "std": 1.0
  },
  "return_1d": {
    "mean": -0.0011629154005282163,
    "std": 0.03759883597097453
  }
}