{
  "rsi": {
    "mean": 55.97932312652019,
    "std": 12.82301543511647
  },
  "macd": {
    "mean": 1.8077886391280742,
    "std": 2.237087450496564
  },
  "bb_upper": {
    "mean": 214.2813092874825,
    "std": 9.697100653791807
  },
  "bb_lower": {
    "mean": 191.7620487956691,
    "std": 7.871128955030943
  },
  "volatility": {
    "mean": 0.01850661675586833,
    "std": 0.004604954727245265
  },
  "vix": {
    "mean": 25.488772971498456,
    "std": 3.956493821015494
  },
  "yield_10y": {
    "mean": 0.8197116573895413,
    "std": 0.18720981612893145
  },
  "spy_above_sma200": {
    "mean": 1.0,
    "std": 1.0
  },
  "return_1d": {
    "mean": 0.001418399831982797,
    "std": 0.018383367323227696
  }
}