{
  "rsi": {
    "mean": 46.47351392470983,
    "std": 14.412850314672825
  },
  "macd": {
    "mean": -0.31604396973738486,
    "std": 0.8008436929170122
  },
  "bb_upper": {
    "mean": 137.67244822604175,
    "std": 4.0158341360462595
  },
  "bb_lower": {
    "mean": 131.44563964548635,
    "std": 3.823476628981411
  },
  "volatility": {
    "mean": 0.007426565998133453,
    "std": 0.0013819259075131007
  },
  "vix": {
    "mean": 25.488772971498456,
    "std": 3.956493821015494
  },
  "yield_10y": {
    "mean": 0.8197116573895413,
    "std": 0.18720981612893145
  },
  "spy_above_sma200": {
    "mean": 1.0,
    "std": 1.0
  },
  "return_1d": {
    "mean": -0.0006472779996331073,
    "std": 0.007378304525896563
  }
}