{
  "rsi": {
    "mean": 58.599174365321325,
    "std": 14.232726655215249
  },
  "macd": {
    "mean": 2.1090271390378894,
    "std": 2.014756949709562
  },
  "bb_upper": {
    "mean": 120.69223007104279,
    "std": 13.708286127546412
  },
  "bb_lower": {
    "mean": 102.93710533005925,
    "std": 13.061367988952032
  },
  "volatility": {
    "mean": 0.023678987359545305,
    "std": 0.005809910304935822
  },
  "vix": {
    "mean": 25.488772971498456,
    "std": 3.956493821015494
  },
  "yield_10y": {
    "mean": 0.8197116573895413,
    "std": 0.18720981612893145
  },
  "spy_above_sma200": {
    "mean": 1.0,
    "std": 1.0
  },
  "return_1d": {
    "mean": 0.0024798866102274473,
    "std": 0.024037817015957225
  }
}