{
  "rsi": {
    "mean": 60.70110035660719,
    "std": 13.273394259347302
  },
  "macd": {
    "mean": 3.0115700468603435,
    "std": 2.0726139804035464
  },
  "bb_upper": {
    "mean": 330.6109845977338,
    "std": 20.19886692791529
  },
  "bb_lower": {
    "mean": 307.83072995469496,
    "std": 21.912693617193685
  },
  "volatility": {
    "mean": 0.010509640822206137,
    "std": 0.003569600139579625
  },
  "vix": {
    "mean": 25.488772971498456,
    "std": 3.956493821015494
  },
  "yield_10y": {
    "mean": 0.8197116573895413,
    "std": 0.18720981612893145
  },
  "spy_above_sma200": {
    "mean": 1.0,
    "std": 1.0
  },
  "return_1d": {
    "mean": 0.0015768119211050833,
    "std": 0.0102698816908283
  }
}