{
  "rsi": {
    "mean": 52.93373505577856,
    "std": 17.52140232611668
  },
  "macd": {
    "mean": 0.4425669139897671,
    "std": 1.875495509428391
  },
  "bb_upper": {
    "mean": 182.50689955717945,
    "std": 6.648878028256913
  },
  "bb_lower": {
    "mean": 170.23242490720895,
    "std": 5.618238685421278
  },
  "volatility": {
    "mean": 0.010625966052872728,
    "std": 0.0035533655914786444
  },
  "vix": {
    "mean": 25.488772971498456,
    "std": 3.956493821015494
  },
  "yield_10y": {
    "mean": 0.8197116573895413,
    "std": 0.18720981612893145
  },
  "spy_above_sma200": {
    "mean": 1.0,
    "std": 1.0
  },
  "return_1d": {
    "mean": 8.261979733397001e-05,
    "std": 0.011243532406958788
  }
}